ticketNumber,subject,description,createdTime,status,botResponse,kbSourcesCount,ticketSourcesCount,error
"13333","Dialer issue","","2026-02-04T17:17:57.000Z","Open","I can help you troubleshoot your dialer issue. Here are the most common solutions: ## Network/Connection Issues First, check if your network ports are properly configured: - Ensure these TCP ports are open on your firewall: **20708, 20808, 20718, 20818** - Verify your router allows both inbound and outbound traffic on these ports - If using VPN/proxy, make sure it's not blocking these ports ## Caller ID Verification Problems If you're having trouble with caller ID verification: - Turn OFF ""Do Not Disturb"" on your phone - Turn OFF ""Ignore Unknown Callers"" - Make sure calls aren't going straight to voicemail - Your caller ID must be verified before you can use the dialer ## Browser/Audio Issues (for Mojo Voice users) If using Mojo Voice: - Allow microphone access when your browser prompts you - Check that your headset and microphone are properly connected - Verify browser permissions are enabled for microphone access - Test your audio connection in the dialer settings ## General Troubleshooting Steps 1. Restart your computer and network equipment 2. Test your general internet connection 3. Check for any security software blocking the connection 4. Make sure you've completed account setup, dialer configuration, and data import Could you describe the specific error message or symptoms you're seeing? This will help me provide more targeted assistance.",5,2,
"13332","Mojo Console Log","the dialer is calling our front desk even though it says its dialing this 509 number https://app281.mojosells.com/admin/maintenance/consolelog/173645/","2026-02-04T17:05:34.000Z","Closed","I can see from the support tickets that Mojo Console Log refers to diagnostic logs that help troubleshoot technical issues with your Mojo account. Based on the examples I see, Console Logs are used when users experience problems like: - **API timeouts and connection issues** - Such as severe latency, call failures, or slow response times from Mojo's servers - **Session management problems** - Like sessions ending unexpectedly during live calls or needing session timeout adjustments The Console Log appears to be a diagnostic tool that generates a unique URL (like the examples shown: `https://app41.mojosells.com/admin/maintenance/consolelog/671020/` or `https://app451.mojosells.com/admin/maintenance/consolelog/101794/`) that contains technical information about your account's activity and any errors. When you contact Mojo support with technical issues, they may ask you to provide or generate a Console Log to help them diagnose the problem more effectively. If you're experiencing technical difficulties with Mojo, you would typically contact support and they can guide you on how to access or generate the appropriate Console Log for your specific issue. Is there a particular technical issue you're experiencing that might require Console Log diagnostics?",5,2,
"13316","map mode question","Hello, I was curious on the map mode setting, does the address have to be a residential address to populate on the map mode, or would business addresses also show up?","2026-02-03T21:59:51.000Z","Closed","Map Mode in Mojo is a visual way to display your contacts and leads on an interactive map based on their property addresses. Here's what you need to know: **What addresses show up in Map Mode:** - Both residential and business addresses will populate on the map - The key requirement is that the address data in your contact records needs to be complete and accurate for proper mapping **Common Map Mode issues:** - If properties aren't showing up on the map despite having correct addresses, this could be a technical issue - Make sure your contact records have complete address information (street address, city, state, zip) **How to access Map Mode:** Map Mode is typically found within your contact management interface and allows you to: - Visualize where your leads and contacts are located geographically - Plan more efficient routes for door knocking or property visits - Better understand your market coverage If you're experiencing issues where Map Mode isn't working despite having correct property addresses, this may require technical troubleshooting. You can contact Mojo support for assistance with specific mapping display problems. Would you like help with any specific aspect of using Map Mode or troubleshooting mapping issues?",5,2,
"13331","List","What is a MOJO Training list","2026-02-04T17:00:02.000Z","Closed","Here's how to work with lists in Mojo Dialer: ## Creating and Managing Calling Lists **Creating Sublists/Sub-Groups:** 1. Go to Data & Dialer section 2. Select your starting Calling List/Group 3. Click the 3-line FILTER icon next to any column header 4. Enter filter values for columns like: - Listing Status - Status Change Date - City - Price Range - Any other criteria 5. Click the green ""Save Sublist/Subgroup"" button 6. Give your filtered list a descriptive name ## Filtering Options **Price Filtering (3 methods):** **Option 1 - Optional Dialing Filters:** - Select your list and click Power Dialer - Click ""Optional Dialing Filters"" on the right - Set price range in List Price filter: - Above specific price: Enter minimum in ""From"", leave ""To"" blank - Below specific price: Leave ""From"" blank, enter maximum in ""To"" - Within range: Fill both ""From"" and ""To"" **Option 2 - Column Filters:** - In Data & Dialer, find the List Price column - Click the Filter icon next to the header - Set your desired price range - Save results to a Sublist **Option 3 - Purchase Filters:** - Set price filters when buying leads in the Leadstore - Enter minimum price to receive only leads at/above that amount ## Using Your Lists **Starting a Dial Session:** 1. Click on your Sublist in the left panel 2. Click the green Power Dialer button 3. Review settings: - Caller ID display - Prerecorded messages - Number of rings - Easy Calling Mode 4. Check Optional Dialing Filters for additional criteria 5. Click ""Start Power Dialer"" This system helps you organize contacts and target specific prospects based on your criteria for more effective calling campaigns.",5,2,
"13330","Mojo Caller ID","When I call, my number shows up as â€˜REAâ€™ or â€˜Real Estate Agent.â€™ Itâ€™s hurting my pickup rate. Can you help me update my caller ID / CNAM so it shows just my name instead? Thank you,","2026-02-04T16:28:17.000Z","Open","# Mojo Caller ID Mojo Caller ID is a virtual number service that provides you with a personalized, verified caller ID to enhance your calling campaigns and build trust with prospects. ## What is Mojo Caller ID? Mojo Caller ID allows you to use an alternative caller ID when making calls while still receiving return calls on your phone. It costs $10 per month per number with a month-to-month subscription. ## Key Benefits **STIR/SHAKEN Certification** - Calls are transmitted with attestation level A (the highest certification) - Recipients recognize your calls as authentic and legitimate - Results in better contact rates **Enhanced Performance** - **Personalized, Verified Caller ID**: Projects professionalism and builds trust - **Improved Answer Rates**: Verified, whitelisted caller ID increases likelihood of calls being answered - **Reduced Spam Labeling**: Fewer calls incorrectly flagged as spam - **Enhanced Caller Reputation**: Positions you as a trusted caller ## How to Add Mojo Caller ID 1. Navigate to **Settings** from the bottom left of your Mojo dashboard 2. Select **Caller ID/Mojo Caller ID** 3. Click the **Buy Mojo Caller ID** button 4. Agree to the terms and click **Proceed to Checkout** 5. Select your state 6. Choose an available Mojo Caller ID number from the dropdown - If your area code isn't available, click the link to submit a request 7. Enter a phone label (for your internal reference only) 8. Complete the purchase process ## Text Messages If someone sends a text message to your Mojo Caller ID number, you won't receive it directly. The Mojo Caller ID is designed specifically for voice calls and call identification purposes. Mojo Caller ID is ideal for sales professionals who want to maximize their contact rates and establish trust through verified, professional caller identification.",5,2,
"13329","Triple dialer subscription",,"2026-02-04T16:26:35.000Z","Open","A triple dialer subscription in Mojo allows you to dial with 3 lines simultaneously, which can significantly increase your calling efficiency compared to single-line dialing. Here are the key things to know about triple dialer subscriptions: **How it works:** - You can make calls on 3 lines at the same time during Power Dialer sessions - This increases your talk time and overall calling productivity **Subscription management:** - You can add or remove dialer services (including additional lines) through your Subscriptions page - Access this by clicking the Account icon in the bottom left corner, then selecting Subscriptions - Use the plus (+) icon to add services or minus (-) icon to remove them **Important notes about switching dialing modes:** - If you switch from Power Dialer to Click to Call mode, the system automatically reduces to 1 line (since Click to Call is designed for manual, one-at-a-time dialing) - When switching back to Power Dialer, make sure to check and reset your line count to 3 if you want to use all your available lines **Billing considerations:** - Adding services is prorated based on your current billing cycle - Removing services takes effect immediately with no prorated refund - Best practice: Wait until the day before your next bill date to remove services to maximize your paid time Would you like help with managing your triple dialer subscription or have questions about how to use multiple lines effectively?",5,2,
"13244","Cancel",,"2026-02-01T06:18:25.000Z","Open","To cancel your Mojo account, follow these steps: **Important**: All account cancellations must be done within your Mojo account using a computer. Cancellation requests via email, phone, or the ticketing system will not be processed. **How to Cancel Your Month-to-Month Subscription:** 1. Log in as the owner of the account 2. Select ""Account"" located towards the top right of the Mojo screen 3. Select the ""Subscriptions"" tab on the left side of the page 4. Click the ""Cancel"" button 5. Follow the on-screen instructions to complete the cancellation process **Important Notes:** - Your cancellation will take effect after your next billing date - You may continue using the platform until that date - If you're temporarily not using the service (vacation or seasonal use), consider switching to the basic subscription for $10/month per user instead - this preserves all your data until you need to resume Power Dialing The cancellation process must be completed by the account owner through the Mojo platform itself.",5,2,
"13328","Refund Request â€“ Mojo Subscription Purchased Online",,"2026-02-04T16:15:05.000Z","Open","I understand you're looking for a refund on your Mojo subscription. Here's what you need to know about managing your subscription: **To Cancel Your Subscription:** All account cancellations must be done within your Mojo account using a computer - cancellation requests via email, phone, or the ticketing system cannot be processed. **Steps to Cancel:** 1. Log in as the owner of the account 2. Select ""Account"" towards the top right of the Mojo screen 3. Select the ""Subscriptions"" tab on the left side 4. Click the ""Cancel"" button 5. Follow the on-screen instructions to complete the process **Important Details:** - Your cancellation will take effect after your next billing date - You can continue using the platform until that date - For month-to-month subscriptions, there are no long-term contract commitments **Alternative Option:** If you're temporarily not using the service (vacation, seasonal use, etc.), you can downgrade to the basic Mojo CRM subscription for $10/month per user instead of fully canceling. This preserves all your data until you're ready to resume power dialing. Since you mentioned purchasing online, you'll need to log into your Mojo account directly to process the cancellation rather than requesting it through support channels.",5,2,
"13309","Expired Data Area","Selected Lynchburg Association of Realtors, but all of the records in his account are for the Roanoke Valley Association. He said they do overlap, but Lynchburg services the cities closer to him, whe","2026-02-03T20:34:20.000Z","Open","To manage your Expired Data area coverage, you'll need to configure your target area settings during setup or modify them afterward. ## How to Set Up Your Expired Data Area **During Initial Setup:** 1. Navigate to Leadstore by clicking Leadstore on the left of the screen 2. Select Subscribe next to Expired Data 3. Choose your State 4. Select your MLS (this is crucial for getting data in your desired area) 5. Define your target area by selecting either: - Up to a 50-mile radius (as the crow flies) within your MLS area - Specific cities/zip codes you want to target ## Important MLS Selection Considerations **Make sure you select the correct MLS** - this is critical because: - Your chosen cities/zip codes must align with the MLS data coverage - Different MLSs may have overlapping coverage areas but serve different primary regions - Incorrect MLS selection can result in getting data for areas farther from your target location ## If You Need to Change Your Area If you're receiving data for the wrong area (like getting Roanoke data when you selected Lynchburg), this typically indicates an MLS selection issue. The data team may need to review your setup to ensure you're getting coverage for the cities closest to your target market. ## Data Delivery Details Once properly configured: - You'll receive up to 12 months of historical data immediately - New expired and off-market data posts daily (typically around 7am local time) - Data appears in your Properties lists in the Data and Dialer section - Leads are automatically sorted by listing status The service costs $50 per month per MLS. If you're having area coverage issues, contact Mojo support to review your MLS selection and ensure you're getting data for your preferred locations.",5,2,
"13327","Request to speak with a manager.","He is getting random dead air calls. If he calls them directly, the call goes t","2026-02-04T14:58:50.000Z","Open","I understand you'd like to speak with a manager. Here's how you can connect with Mojo's management team: **For Account or Billing Issues:** - Contact Mojo support through your account portal or ticketing system - Request to speak with a billing manager in your support request - Include your callback number and specific concerns **For Technical or Service Issues:** - Submit a detailed support ticket explaining your situation - Request manager escalation in your ticket - Be specific about the problems you're experiencing **Direct Contact Options:** - Use the support ticketing system within your Mojo account - Call Mojo's main support line during business hours - Email support with your manager request When requesting to speak with a manager, it helps to: - Clearly explain the issue you're facing - Include your account details - Specify what resolution you're seeking - Provide your preferred callback time and number Would you like help with submitting a support ticket or do you have a specific issue I can assist you with directly?",5,2,
"13301","Mojo issues",,"2026-02-03T17:27:14.000Z","Open","I'd be happy to help you with your Mojo issues! To provide you with the most accurate solution, could you please be more specific about what problems you're experiencing? Here are some common issues and quick solutions: **Browser Issues:** - Make sure you're using Chrome, Firefox, or Safari - Clear your browser cache and cookies **Call Quality Problems:** - Turn off WiFi Calling and VoLTE on mobile phones - Use wired headsets instead of Bluetooth - Consider disabling Live Answer Beep in Settings **Caller ID Issues:** - Turn off Do Not Disturb and Ignore Unknown Callers - Make sure calls aren't going straight to voicemail **Network Connectivity:** - Ensure ports 20708, 20808, 20718, and 20818 are open on your firewall **Integration Problems:** - Check your API key and stage settings if using Follow Up Boss Could you tell me more about the specific issue you're facing? For example: - Are you having trouble making calls? - Is it a browser or display problem? - Are you experiencing connectivity issues? - Is it related to an integration? This will help me give you the exact steps to resolve your problem.",5,2,
"13326","Inquiry About Purchasing a New Number for Callback Forwarding","We are currently using Mojo for outbound calling, and weâ€™d like to clarify the process and cost of purchasing a new number within the system. <p style=""color: rgb(34, 34, 34); font-family: Arial, H","2026-02-04T14:17:55.000Z","Open","To purchase a new number in Mojo for callback forwarding, you'll need to contact Mojo support directly as this involves adding a subscription service to your account. Here's what you need to know about the process: **How to Get Started:** 1. Contact Mojo support to discuss purchasing an additional phone number 2. They'll help you set up the new number and configure callback forwarding 3. The cost will depend on your specific needs and current subscription **Callback Forwarding Setup:** Once you have the new number, callbacks can be forwarded to any number you specify - whether that's directly to one of your agents' phones or another designated line. This allows your agent to handle callbacks directly without them going through your main system. **Managing the Setup:** - You can change callback forwarding routing at any time - The system allows you to forward callbacks from your Mojo caller ID number to different destinations as needed - This gives you flexibility in how your team handles incoming responses I'd recommend reaching out to Mojo support directly to discuss pricing options and get the new number set up with the callback forwarding configuration that works best for your team's workflow.",5,2,
"13325","Printing Limit?","Hello, I just received the error saying I have reached the printing and email limit and I cannot use this feature for 15 minutes... I have been a client for many many years and have never seen this... Why is there a limit for me to acces","2026-02-04T13:27:25.000Z","Closed","Mojo has implemented rate limits on printing and email features to protect system performance and prevent abuse. When you hit the printing limit, you'll see an error message and need to wait 15 minutes before the feature becomes available again. This is a relatively new system-wide security measure that applies to all accounts, regardless of how long you've been a client. The limit isn't related to an additional cost - it's a temporary restriction that resets after the waiting period. The 15-minute cooldown period is designed to ensure fair usage across all users while maintaining system stability. After the waiting period expires, you'll be able to resume printing normally. If you're consistently hitting these limits during regular business operations, you may want to consider batching your printing activities or spreading them out throughout the day to avoid triggering the restriction.",5,2,
"13312","Emails Template","After creatinga new template, how can I send my self a test email to confirm what I'm sending out?","2026-02-03T21:22:30.000Z","Open","## How to Create Email Templates in Mojo ### Getting Started 1. Click the **menu button** on the bottom left 2. Choose **Settings** 3. Select **Email** from the left menu 4. Choose **Templates** (second option) 5. Click **New Template** ### Template Options You can either: - **Create from Scratch** - Build a completely custom template - **Use Pre-existing Layouts** - Start with a template and customize it ### Setting Up Your Template **Basic Information:** - **Label:** Enter a descriptive name for internal reference (make it easy to identify) - **Subject:** Create your email subject line - **Optional Elements:** - Add attachments - Include CC or BCC recipients - Add subject tags to auto-fill contact information ### Building Your Email Content **Text Content:** - Start with the default paragraph block - Click ""I'm a new Text block ready for your content"" to access the text editing toolbar - Use **Merge Tags** to automatically populate contact information (first name, last name, address, etc.) **Layout Customization:** - **Rows tab:** Choose different layout configurations - **Content tab:** Drag and drop content blocks including: - Title - Paragraph - Lists - Image - Button - Divider - Social Links - HTML - Video - Email Signature (automatically added at the bottom) **Design Settings:** - Adjust content area width - Set alignment preferences - Choose background color - Select default font ### Testing Your Template After creating your template, you can send a test email to yourself to verify how it looks and ensure everything displays correctly. ### Using Your Templates Once created, you can use these templates for: - Manual emails to individual contacts - Auto Send emails based on call results - Action Plan drip campaigns - Birthday emails - Appointment confirmations Your templates will save you time and ensure consistent messaging across all your email communications.",5,2,
"13206","Contact Form Support",,"2026-01-30T08:19:34.000Z","Closed","To get support with contact forms in Mojo, you have several options: **For Technical Support:** - Visit the Mojo Support page for help articles and resources - Contact support during business hours: Monday to Friday, 9 AM - 5 PM EST **Contact Information:** - Phone: 877-859-6656 - Email: info@mojosells.com **Managing Contact Information in Mojo:** If you need help adding or editing contact details: 1. Navigate to your Data & Dialer screen 2. Double-click on the contact you want to modify 3. In the contact form that opens: - Use the top middle section to add/edit phone numbers and email addresses - Use the right side section to add detailed notes - Set primary contact methods as needed **Adding Notes to Contacts:** 1. Open your Data & Dialer screen 2. Double-click the contact to open the complete contact form 3. Look to the right side where you'll find a dedicated notes section 4. Write detailed notes to track conversations and relationship history This system helps you maintain accurate contact databases and ensures you can reach contacts through their preferred communication channels.",5,2,
"13324","Re:Re:[## 13303 ##] Dialer not working",,"2026-02-04T07:56:13.000Z","Open","I see you're referencing ticket #13303 regarding the dialer not working. To help troubleshoot this issue, I'll need more specific information about what's happening. Here are some common solutions for dialer connectivity issues: **Network Configuration Check:** Ensure these required network ports are open on your firewall: - Port 20708 (TCP/IP) - Port 20808 (TCP/IP) - Port 20718 (TCP/IP) - Port 20818 (TCP/IP) **Basic Troubleshooting Steps:** 1. **Connection Method**: Try both connection options: - Wait for the incoming call at your specified number (if using ""Call Me"" feature) - Call the provided phone number and enter your PIN when prompted 2. **Session Restart**: - End your current dialing session properly by clicking the Pause button - Start a fresh session through Data & Dialer > Power Dialer 3. **Network Reset**: - Restart your computer and network equipment - If using VPN/proxy, verify it's not blocking the required ports **What specific symptoms are you experiencing?** - Can't connect to the dialing server? - Calls not going through? - Audio quality issues? - Error messages appearing? Please provide more details about the exact problem so I can give you more targeted troubleshooting steps.",5,2,
"13323","Subscriptions","Hello, I am just writing in regards to my account yesterday. I do see double charges for everything. I am just starting out and was getting your dialer for myself but I think I am getting charged for two people, can you please look into this for me. <","2026-02-04T02:34:51.000Z","Closed","## Managing Your Mojo Subscriptions ### Accessing Your Subscriptions To view and manage your subscriptions: 1. Click the **Account** icon in the bottom left corner of Mojo 2. Select **Subscriptions** from the left navigation panel ### What You'll See Your Subscriptions page displays: - **Dialer Subscription** at the top showing your next bill date and total amount due - **Mojo Data and Caller ID subscriptions** at the bottom showing renewal dates, billing amounts, and status ### Managing Your Dialer Subscription **To add services:** - Click the **plus (+)** icon next to your subscription - Costs are prorated based on your current billing cycle **To remove services:** - Click the **minus (-)** icon next to your subscription - Changes take effect immediately with no prorated refund - **Best practice:** Wait until the day before your next bill date to remove services to maximize your paid time ### Managing Data & Caller ID Subscriptions - View renewal dates and billing amounts at the bottom of the page - Click **Unsubscribe** to cancel these services - For Recurring Payment Plans for Mojo Data, click **Manage Discount** ### Adding Agents/Users The number of agents you can add depends on your Mojo CRM login subscriptions: 1. Log in with the owner account 2. Select **Account** â†’ **Subscriptions** 3. Click **Add** next to ""Mojo CRM (Users)"" 4. Enter the agent's unique email address 5. Assign Type, Call Recording, and Call Me features as needed 6. Click **Create** to confirm ### Important Notes - Data and Caller ID services have different billing terms than Dialer subscriptions - You can reassign features between agents without additional purchases - All subscription management must be done through your Mojo account interface",5,2,
"13321","Dialer Not Working","Hi Mojo Support Team, I recently canceled the dialer portion of my subscription but kept the Neighborhood Search and Agent features. I only had the dialer for about a week, and during that time I ran into ongoing call quality issues where people ha","2026-02-04T00:39:19.000Z","Open","I can help you troubleshoot dialer issues. Here are the most common solutions: ## Basic Troubleshooting Steps 1. **Check your browser compatibility** - Ensure you're using Google Chrome, Mozilla Firefox, Safari, or Microsoft Edge 2. **Clear browser cache and cookies** - This resolves most loading issues 3. **Verify microphone permissions** - Your browser needs access to your microphone to function properly 4. **Test your internet connection** - A stable connection is required for the dialer to work ## For Mojo Voice Users If you're using Mojo Voice ($30/month add-on): 1. **Check browser permissions** - Make sure your browser has microphone access enabled 2. **Test audio connections** - Use the audio test feature in the dialer settings 3. **Verify headset/microphone** - Ensure they're properly connected and working 4. **Check Mojo Voice settings** - You can enable/disable Mojo Voice before each session ## Connection Issues If the dialer won't load or connect: 1. **Try connecting via the ""Call Me"" feature** - Wait for an incoming call at your specified number 2. **Use the PIN method** - Call the provided number and enter your PIN when prompted 3. **Check your call settings** - Verify your Caller ID and other configurations are correct ## Audio Quality Problems If people can't hear you or you can't hear them: - Double-check headset and microphone connections - Test different audio devices - Ensure browser microphone permissions are enabled - Try refreshing the page and reconnecting What specific issue are you experiencing with the dialer? This will help me provide more targeted assistance.",5,2,
"13320","Tasks","1. When I try to use Mass Action via tasks or other option, none of the options become available 2. I want to delete ALL past tasks or follow up from 2016 to December 25th 2025. ---> Everything. It's all old stuff that wouldn't make sense anymore.","2026-02-04T00:33:03.000Z","Closed","## Understanding Tasks in Mojo Tasks in Mojo are activities that help you stay organized and manage your follow-up workflow. Here's how they work: ### What Are Tasks? Tasks are scheduled activities that appear in your **Mojo Calendar** alongside other activities like: - Follow-up calls - Appointments - Letters and labels - Birthdays - Home close date reminders ### Accessing Your Tasks 1. **Navigate to the Calendar** - Located in the top navigation bar 2. **View Today's Activities** - Tasks will appear in the ""Today's Activities Overview"" section on your landing screen 3. **Use the Activity Stream** - View all tasks in your activity center on the Home Screen ### Managing Tasks **Individual Task Management:** - Click on any task to: - Reschedule for a different time - Mark as completed - Add notes or additional information - Use the three dots on the far right to complete or delete tasks **Mass Task Actions:** - Select multiple tasks using checkboxes - Available bulk actions include: - Mark as complete - Assign to different person - Print tasks - Mass reschedule - Export tasks ### Task Priority System Tasks use a color-coding system for prioritization: - ðŸ”´ **Red** - High Priority (immediate attention required) - ðŸŸ¡ **Yellow** - Medium Priority - ðŸŸ¢ **Green** - Low Priority You can sort tasks by priority in the Calendar view by clicking the Priority column header. ### Task Creation Through Action Plans Tasks can be automatically created as part of **Action Plans** - customizable follow-up sequences that help maintain consistent communication with contacts. When you assign an Action Plan to contacts, task steps are automatically scheduled and appear in your Calendar. Tasks help ensure you never miss important follow-up activities and keep your sales process organized and efficient.",5,2,
"13319","Deactivate account.",,"2026-02-04T00:00:55.000Z","Closed","To deactivate your Mojo account, you'll need to contact Mojo support directly. Account deactivation isn't something you can do yourself through the system. Here's how to get your account deactivated: **Contact Mojo Support:** - Call: 877-859-6656 - They'll be able to process your account deactivation request The support team will handle the deactivation process for you and can also answer any questions you might have about the process or your account status.",5,2,
"13318","Contact Form Support",,"2026-02-03T22:29:21.000Z","Closed","To access and use contact forms in Mojo, here's what you need to know: ## Adding/Editing Contact Information To modify contact details in Mojo: 1. **Navigate to your Data & Dialer screen** 2. **Double-click on the contact** you wish to modify 3. **In the contact form that opens:** - Look at the **top middle section** to add/edit phone numbers and email addresses - You can add new phone numbers and email addresses - Edit existing contact information - Set primary contact methods ## Adding Notes to Contacts To add detailed notes to your contacts: 1. **Open your Data & Dialer screen** 2. **Double-click on the contact** you want to modify 3. **Look to the right side of the contact form** 4. You'll find a **dedicated section for writing detailed notes** Adding thorough notes helps track your conversations and relationship history with each contact, making follow-ups more effective and personalized. ## Key Benefits - Keeps contact information current for reaching contacts through preferred channels - Maintains an accurate database - Enables better relationship tracking and follow-up management The contact form is your central hub for managing all contact details, communication history, and notes in one convenient location.",5,2,
"13317","Contact Form Support",,"2026-02-03T22:15:00.000Z","Open","To help you with contact form support, I need a bit more information about what specific issue you're experiencing. Based on the available resources, here are the main ways to get support for Mojo: **Direct Support Contact:** - **Phone:** 877-859-6656 (Sales and Support) - **Hours:** Monday to Friday, 9 AM - 5 PM EST - **Email:** info@mojosells.com **Self-Service Support:** - Access the Help Menu by clicking the help icon in your account menu at the bottom left corner - Visit the Mojo Support page for troubleshooting guides - Check the Frequently Asked Questions section Could you please specify what particular issue you're having with a contact form? For example: - Are you trying to edit contact information in Mojo? - Having trouble with the contact form on the Mojo website? - Need help importing contact data? This will help me provide you with the most relevant assistance.",5,2,
"13315","old expireds","Hello, is it possible to get the list of old expireds for last year?","2026-02-03T21:57:19.000Z","Closed","Mojo's Expired Data service provides recent expired listings rather than historical data going back 18 months or a year. When you subscribe to Mojo Expired Data, you get access to premium off-market leads including Expired, Cancelled, and Withdrawn listings that are delivered directly to your system. The service focuses on current, actionable leads rather than older expired listings. If you're looking for older expired data (like listings from 6-18 months ago), you would need to contact Mojo support directly at 877-859-6656 to discuss what historical data options might be available, as this isn't part of the standard Expired Data subscription. To subscribe to Mojo's current Expired Data service: 1. Log into Mojo and click Leadstore in the top-left corner 2. Navigate to Data & Dialer > Data Services 3. Select Expireds from the available data service types 4. Click ""Subscribe"" and complete the setup process Your subscription activates immediately and will auto-renew based on your selected term (1, 3, 6, or 12 months).",5,2,
"13313","Contact Form Support",,"2026-02-03T21:36:13.000Z","Closed","I don't have specific information about Contact Form Support in my knowledge base. However, I can help you with general contact management in Mojo: **To edit contact information:** 1. Navigate to your Data & Dialer screen 2. Double-click on the contact you want to modify 3. In the contact form that opens: - Look at the top middle section to add/edit phone numbers and emails - Use the right side section to add detailed notes - Set primary contact methods as needed **For technical support:** - Contact Mojo support at 877-859-6656 (Monday-Friday, 9 AM - 5 PM EST) - Email: info@mojosells.com - Visit the Mojo Support page for additional help resources If you're experiencing a specific issue with contact forms or need help with a particular contact management feature, please provide more details about what you're trying to accomplish.",5,2,
"13311","Contact Form Support",,"2026-02-03T21:13:08.000Z","Closed","To access the contact form for support in Mojo, you have a few options: **For General Support:** - Visit the Mojo Support page at mojodialersupport.mojosells.com - Use the help icon in your account menu at the bottom left corner of Mojo - In the help window, you'll find training resources and support options **For Sales Questions:** - Call the sales line at 877-859-6656 (Monday-Friday, 9 AM - 5 PM EST) - Email: info@mojosells.com - Use the contact form at mojosells.com/contact/ - they will contact you during the next business day **Within Mojo Application:** You can also access help directly through the Mojo interface by clicking the help icon in the account menu at the bottom left corner, which will provide you with training materials and support resources. If you're experiencing specific issues with contact management in Mojo (like adding phone numbers, emails, or notes to contacts), those can be handled directly within your Data & Dialer screen by double-clicking on any contact to modify their information.",5,2,
"13310","Re:[## 13303 ##] Dialer not working",,"2026-02-03T21:09:58.000Z","Closed","I can see you're having issues with your dialer not working. To help troubleshoot this problem, I'll need a bit more information about what specifically is happening. Here are some common solutions to try: **Network Connection Issues:** First, check that your network has the required ports open. The Mojo Dialer needs these specific ports to function properly: - Port 20708 (TCP/IP) - Port 20808 (TCP/IP) - Port 20718 (TCP/IP) - Port 20818 (TCP/IP) Make sure your firewall allows both inbound and outbound traffic on these ports. If you're using a VPN or proxy, verify it's not blocking these ports. **Basic Troubleshooting Steps:** 1. **Restart your session:** Try stopping your current dialing session and starting a new one 2. **Check your connection method:** Ensure you're properly connected to the dialing server by either: - Waiting for the incoming call at your specified number (if using ""Call Me"" feature) - Calling the provided phone number and entering your PIN when prompted 3. **Verify your settings:** Make sure your Power Dialer configuration is set up correctly with proper Caller ID and call settings **If the issue persists:** - Restart your computer and network equipment - Test your general internet connection - Contact your network administrator if you're on a business network Can you tell me more specifically what's happening? For example: - Are you unable to start a dialing session? - Is the dialer connecting but calls aren't going through? - Are you getting any specific error messages? This will help me provide more targeted assistance.",5,2,
"13308","Imported leads",,"2026-02-03T20:04:06.000Z","Closed","I can help you with importing leads into Mojo! Here's the complete process: ## How to Import Leads into Mojo **Step 1: Choose Your File** - Click the ""Choose File"" button - Locate your spreadsheet file on your computer - Select the file and click ""Open"" - Mojo accepts XLS, XLSX, and CSV file formats - Click ""Next"" to proceed **Step 2: Select Import Destination** You'll need to decide where to place your imported contacts: **Choose between:** - **Calling Lists** - For general collections of leads you haven't spoken to yet (used for mass calling actions) - **Groups** - For leads with specific qualifications like hot leads, warm leads, future follow-ups, or past clients that you have spoken to **You can either:** - Create a new list/group by clicking the plus sign in the top right corner, then clicking Save - Add to an existing list/group by selecting it from the displayed options **Optional Settings:** - Manager selection (only needed if you have multiple agents) - Other configuration options as needed ## File Format Requirements - Supported formats: .csv, .xls, .xlsx - Make sure your spreadsheet is properly formatted before importing ## Auto-Import Option If you work with data vendors, you can share your 10-Digit Posting Pin (found in your Account area) with compatible vendors like Redx, Vulcan7, My +Plus Leads, Cole Information, and others for direct lead posting without manual imports. Would you like help with any specific part of the import process or have questions about organizing your imported leads?",5,2,
"13307","Duplicate telephone numbers on his Mojo FSBOs","see video attached to ticket","2026-02-03T20:03:59.000Z","Open","To resolve duplicate telephone numbers in your Mojo FSBO leads, you can use Mojo's Find Duplicates feature: **How to Find and Remove Duplicates:** 1. **Access the Duplicate Finder:** - Log into Mojo and navigate to **Data and Dialer** - Select **""Find Duplicates""** from the options at the bottom of the page 2. **Set Your Search Parameters:** - Choose **phone number** as your matching criteria - Select your FSBO list specifically, or choose ""Entire Database"" if you want to check everything - Click the **Search** button to begin scanning 3. **Review and Manage the Results:** Once Mojo displays the identified duplicates, you have two options: **Option 1 - Link Records:** - Click the **chain icon** next to records you want to connect - This preserves both records while creating an association between them - If linked records are in the same calling list, Mojo will prevent duplicate calls to the same contact **Option 2 - Delete Duplicates:** - Click the **red X icon** next to any record you want to remove - This permanently deletes the selected record from your database - You can copy/paste important data from one record to the other before deleting if needed **Additional Search Options:** You can also search for duplicates by email, full name, or property address if you want to do a more comprehensive cleanup of your FSBO list. Regular duplicate management helps maintain data integrity and improves your calling efficiency by preventing you from calling the same number multiple times.",5,2,
"13290","Sessions Report","Hello, I am sorry to send in the same question, I am not sure if my other one was submitted as my computer lagged on me. I am reaching out in regards to why my dial count on my screen during my calling session than it is on the session r","2026-02-03T13:45:36.000Z","Closed","The Sessions Report is a powerful tool in Mojo for evaluating agent performance, especially in team environments. Here's what it provides: ## What the Sessions Report Shows The Sessions Report analyzes call results and time allocation with detailed breakdowns of: - **Total dialer time** - How long agents spent actively dialing - **Total talk time** - Actual conversation time with contacts - **Pause duration** - Time spent paused during sessions - **Call result frequency patterns** - Which outcomes are most common ## How to Access the Sessions Report 1. Go to the **Reports** section in the left menu bar 2. Select **Session Report** from the available options 3. Apply filters for specific agents or time frames as needed ## Important Note About Dial Counts If you're seeing discrepancies between the dial count displayed during your session versus what appears in the Sessions Report afterward, this is a known issue that can occur. The session display and final report may calculate dials differently due to various technical factors during the dialing process. The Sessions Report is particularly valuable for team managers who need to evaluate agent performance and identify areas for improvement in calling efficiency and results. Would you like help with accessing any specific aspects of the Sessions Report or understanding other performance metrics in Mojo?",5,2,
"13300","EXPIRED DATA","I have not received any expired data in over 2 weeks. Please explain as there has been multiple expired listings.","2026-02-03T17:26:28.000Z","Closed","# Mojo Expired Data Mojo Expired Data is a premium lead service that provides access to off-market property leads, including Expired, Cancelled, and Withdrawn listings, delivered directly to your Mojo Dialer. ## How It Works **Target Area Selection:** - Select up to a 50-mile radius (as the crow flies) within your MLS area - Choose specific cities/zip codes you want to target **Data Delivery:** - Get immediate historical data upon purchase (up to 12 months of current Expired and Off-Market data if available) - Receive automatic daily updates each morning - New data posts directly to your Properties list in the Data and Dialer section - Leads are automatically sorted into specific lists based on listing status **Smart Status Tracking:** - Your existing data is continually updated when listing statuses change - For example, if a property changes from Expired to Active, it automatically moves to an Active list ## Pricing $50 per month per MLS ## How to Subscribe 1. Navigate to **Leadstore** (click Leadstore on the left of the screen) 2. Select **Subscribe** next to Expired Data 3. Configure your area: - Choose your State - Select your MLS 4. Complete setup and payment ## Finding Your Data Your expired data will appear in the **Properties** section under Data and Dialer, organized into specific lists: - Expired calling list - Cancelled list - Withdrawn list ## Daily Updates Data pushes occur daily, typically around 7am in your local time (but can be later). If you subscribe after the daily push, you won't see new data until the following morning. This service keeps you ahead of competitors with up-to-date listing status changes, helping you maximize productivity and close more deals.",5,2,
"13306","Lists and dialer not loading","Lists were not loading, then one did, tried starting dialer but it was stuck in ""preparing"" tried to back out and it didn't stop had to hang up for it to let me out<img src=""https://desk.zoho.com/portal/api/uploads/edbsnc32e7d41bde1dd7176dcbe43e17b25a2e400af1b4314f017cf497c6d18f08e0a/content?po","2026-02-03T18:37:37.000Z","Closed","Here are the steps to resolve lists and dialer loading issues: ## Immediate Solutions **If you're stuck in ""preparing"" mode:** - Hang up the current session to force it to stop - Close your browser completely and reopen Mojo - This will clear any stuck processes ## Common Causes and Fixes **1. Large Data Volumes** - Lists with thousands of leads take longer to load, especially those with extensive notes or activity logs - Be patient with larger lists or consider creating smaller sublists **2. Browser Issues** - Update your browser to the latest version - Use Google Chrome with minimal extensions for best performance - Clear your browser cache and cookies, then restart **3. Internet Connection** - Check your internet connection speed and stability - Mojo is cloud-based, so slow connections cause loading delays **4. Cached Data Problems** - Close Mojo completely and reopen it fresh - Old cached data can cause loading issues ## If Problems Persist **Server Load Issues** If you've tried the above solutions and still experience problems, there may be temporary server load issues. These are usually brief and resolve automatically. **Need Immediate Help?** Call Mojo support at 877-859-6656 if the loading issues continue after trying these troubleshooting steps. Try clearing your browser cache first, then restart your session - this resolves most loading issues quickly.",5,2,
"13305","(No Subject)",,"2026-02-03T18:32:27.000Z","Closed","Hello! I'd be happy to help you with your Mojo Dialer question. It looks like your message didn't include a specific question or topic. Could you please let me know what you need assistance with? I can help you with things like: - Importing contacts and data - Setting up caller ID and voicemail - Managing activities and schedules - Account settings and photos - General Mojo Dialer functionality What would you like help with today?",5,2,
"13303","Dialer not working","power dialer configuration problem also not getting sounds or voice please resolve this issue assap","2026-02-03T17:36:49.000Z","Closed","I can help you troubleshoot dialer issues. Here are the most common solutions: ## Audio/Voice Problems If you're experiencing call quality issues or can't hear audio: 1. **Check browser permissions**: Your browser needs microphone access. When you launch a dial session, accept the microphone permission prompt 2. **Verify headset connections**: Double-check that your headset and microphone are properly connected 3. **Test audio settings**: In the dialer interface, you can select your preferred microphone and headset, then test your audio connection 4. **Browser compatibility**: Ensure you're using Google Chrome, Mozilla Firefox, Safari, or Microsoft Edge ## Power Dialer Configuration Issues If the dialer won't start or configure properly: 1. **Check prerequisites**: - Account subscription is active - Dialer settings are configured - Data has been imported to your account 2. **Connection methods**: Try both connection options: - Wait for incoming call at your specified number - Call the provided phone number and enter your PIN ## Getting Started Steps 1. Select your Property List, Calling List, or Group 2. Click the Power Dialer button 3. Configure your call settings and Easy Calling Mode 4. Apply any optional filters 5. Click Start Dialing 6. Connect using one of the connection methods above ## Mojo Voice Specific Issues If you're using Mojo Voice ($30/month add-on): - Enable Mojo Voice in the dialer setup screen - Grant browser microphone permissions - Test your audio connection before starting What specific issue are you experiencing? Are you getting error messages, having audio problems, or is the dialer not connecting at all?",5,2,
"13302","Do not call scrubbing","Can I scrub a list looking for DNC numbers on a list that Import?","2026-02-03T17:34:12.000Z","Closed","## Do Not Call Scrubbing in Mojo Mojo provides comprehensive DNC scrubbing capabilities to help you manage your Do Not Call list effectively. Here's how to work with DNC scrubbing: ### Accessing DNC Scrubbing 1. Click **Settings** on the bottom left of your Mojo screen 2. Click **Do Not Call** on the left menu 3. Click the **DNC Scrubbing** link ### Adding Numbers to DNC **To add a single number:** 1. Scroll to the bottom of the DNC Scrubbing page 2. Click the **Add Number** button 3. Enter the phone number in the text field 4. Click **Add** to confirm **To import a file of numbers:** 1. Click **Import DNC List** 2. Click **Choose File** and select your file (must be less than 5MB) 3. Check the box if the first line is a header 4. Select the appropriate file format 5. Use the dropdown menu(s) to choose the header(s) for the phone column(s) 6. Click **Import** ### Searching Your DNC List - Enter the phone number in the **Search By Phone Number** field to locate specific records - Use the 3 vertical dots next to results to **Preview** the lead or **Restore** the number ### Removing Numbers from DNC 1. Enter the phone number in the Search field to locate your record(s) 2. Select the record(s) you wish to restore 3. Click the **3-dot menu** in the top right of the display 4. Click **Restore From DNC** to confirm ### Adding Contacts from Data & Dialer You can also move contacts to DNC directly from the Data & Dialer screen: 1. Navigate to **Data & Dialer** 2. Select one or more contacts 3. Either click **Move to** at the bottom and select **Move to DNC**, or right-click and choose **Move to DNC** 4. Select the phone numbers you want to add to DNC 5. Click **OK** to confirm Once contacts are on your DNC list, the system will prevent these numbers from importing again and block outbound calls to these numbers.",5,2,
"13296","expired data","I have done what the article says and there is still zero expired data showing up... I just purchased it .","2026-02-03T16:19:38.000Z","Closed","# Mojo Expired Data Mojo Expired Data is a premium lead service that provides you with off-market property leads, including **Expired, Cancelled, and Withdrawn listings**, delivered directly to your Mojo Dialer. ## How It Works **Target Area Setup:** - Select up to a 50-mile radius (as the crow flies) within your MLS area - Choose specific cities/zip codes you want to target **Data Delivery:** - Get up to 12 months of historical Expired and Off-Market data immediately upon purchase (if available) - Receive automatic daily updates each morning around 7am in your local time - New data posts directly to your Mojo account in the Properties list under the Data and Dialer section - Leads are automatically sorted into specific lists based on listing status **Smart Status Tracking:** - Your existing data is continually updated when listing statuses change - For example, if a property changes from Expired to Active, it automatically moves to an Active list ## Pricing $50 per month per MLS ## How to Subscribe 1. **Navigate to Leadstore** - Click ""Leadstore"" on the left side of your screen 2. **Select the service** - Click ""Subscribe"" next to Expired Data 3. **Configure your area:** - Choose your State - Select your MLS - If your MLS isn't listed, there's a button to request it 4. **Complete setup** and payment information ## Where to Find Your Data After subscribing, look for your expired data in: - **Properties Lists** inside the Mojo Data/Dialer area - Data is organized into specific lists based on listing status (Expired, Cancelled, Withdrawn) ## Common Issues **No data showing up?** - Data pushes happen daily around 7am local time - if you subscribed after the daily push, wait until the next morning - Verify you selected the correct MLS during setup - Check that your subscription payment processed successfully - Make sure to refresh your browser The service keeps you ahead of competitors with daily updates on listing status changes, helping you maximize productivity and close more deals.",5,2,
"13226","Map Mode Question","PIN: 754196 <span style=""font-family: Helve","2026-01-30T19:22:16.000Z","Closed","Map Mode in Mojo displays contacts that have valid address information, whether they are residential or business addresses. Both types of addresses will show up on the map as long as the address data is complete and can be geocoded to a specific location. If you're experiencing issues where Map Mode isn't working despite having correct property addresses, here are some troubleshooting steps: **Common Solutions:** 1. **Check address completeness** - Ensure all address fields are filled out (street, city, state, zip) 2. **Verify address format** - Make sure addresses follow standard formatting 3. **Data refresh** - Try refreshing the page or logging out and back in 4. **Browser compatibility** - Ensure you're using a supported browser with location services enabled **For Data Import Issues:** If you imported the addresses and they're not showing on the map, the issue might be in how the address fields were mapped during import: - During Step 3 of import (Map Your Fields), make sure address fields are properly mapped to the correct Mojo address fields - Use separate fields for street, city, state, and zip when possible for better geocoding accuracy If your addresses appear correct but Map Mode still isn't working, this may require technical support to investigate the specific data formatting or account configuration.",5,2,
"13299","Callback forward change","Hi, how do i change the routing number to the Mojo caller ID number so that the callbacks are forwarded to the Mojo caller ID number instead of my number?","2026-02-03T16:40:03.000Z","Closed","To change your callback forwarding so that callbacks go to your Mojo caller ID number instead of your personal number, you'll need to set up call forwarding within your Mojo system. Here's how to make this change: **Access Your Settings:** 1. Log into your Mojo account 2. Navigate to your account settings or phone number management section **Update Callback Routing:** 1. Look for callback forwarding or call routing options 2. Change the forwarding destination from your personal number to your Mojo caller ID number 3. Save the changes **Alternative Options:** - You may also want to consider purchasing an additional Mojo number specifically for callbacks if you need more control over call routing - This allows you to have dedicated agents answer callbacks on a separate line If you're having trouble locating these settings in your account, I recommend contacting Mojo support directly as callback forwarding configurations can vary based on your specific account setup and subscription level. They can walk you through the exact steps for your particular configuration. The goal is to ensure that when prospects call back the number they see on their caller ID, it routes to the number you prefer rather than your personal line.",5,2,
"13258","Fwd: Problem with money taken from account",,"2026-02-02T13:43:20.000Z","Closed","I understand you're having an issue with money being taken from your account. To help resolve billing concerns, I'll need to direct you to the proper support channels since billing issues require account-specific review. **For billing and payment issues, please:** 1. **Submit a support ticket** through your Mojo account - this ensures your account information is securely linked to your inquiry 2. **Contact Mojo support directly** - they can review your specific billing history and resolve payment concerns **To manage your subscriptions:** - Log into your Mojo account - Click ""Account"" (top right) - Select ""Subscriptions"" tab to view your current billing status **If you need to cancel your subscription:** - This must be done within your Mojo account using a computer - Go to Account > Subscriptions > Cancel button - Email, phone, or ticket cancellation requests cannot be processed **Account security reminder:** Never share your Mojo login credentials, as you're responsible for all account activity including unauthorized purchases. The support team will be able to investigate the specific charges and help resolve any billing discrepancies. They have access to your payment history and can provide detailed explanations of any transactions.",5,2,
"13298","Integration with Sierra",,"2026-02-03T16:30:31.000Z","Closed","I don't have specific information about integrating Mojo Dialer with Sierra in our knowledge base. However, Mojo does offer several integration options: **Current Available Integrations:** - Follow Up Boss (CRM) - Zapier (connects to hundreds of apps) - MailChimp (email marketing) - Approved lead vendors for one-way data posting **Premium Integrations** (with direct access via iFrame): - Boomtown CRM - Real Geeks CRM **Standard Integrations** (API-based data push/pull): - Follow Up Boss - MailChimp If Sierra isn't among the current integrations, you may want to: 1. Contact Mojo support at 877-859-6656 to inquire about Sierra integration possibilities 2. Check if Sierra can connect through Zapier, which integrates with hundreds of different apps 3. Ask if Sierra is being considered for future integration development The support team would have the most current information about new integrations in development or custom integration options that might be available.",5,2,
"13283","Help with email font","Hello, My email template titled Step 14 S0 Action Plan is giving me problems with the font. No matter what font I change it to, when I send a test email, it looks like it was written with a typewriter. How can I fix this?","2026-02-02T23:03:52.000Z","Closed","Here's how to fix font issues in your email templates: **Editing Your Email Template Font:** 1. Navigate to **Settings** at the bottom left of your screen 2. Select **Email** from the left menu 3. Choose **Templates** 4. Find and open your ""Step 14 S0 Action Plan"" template **Fixing the Font Display:** 1. Click on the text block that's showing the typewriter-like font 2. Use the **font and size options** displayed above the text block to: - Select your preferred font family - Adjust the font size - Apply any other formatting needed 3. After making changes, click the **green Save button** **Testing Your Changes:** 1. Send a **test email** to verify the font displays correctly 2. If it still appears like typewriter text, try: - Selecting a different font from the dropdown - Clearing any copied formatting by retyping the text directly - Using the text formatting toolbar to override any inherited styles **Common Font Issues:** - Sometimes copied text brings hidden formatting that overrides your template settings - Try manually typing your content instead of copying/pasting - Ensure you're selecting web-safe fonts that display consistently across email clients The font formatting should apply immediately when you save the template. If you're still having issues after trying these steps, the problem might be with how the text was originally entered into the template.",5,2,
"13297","Mojo Dialer",,"2026-02-03T16:20:38.000Z","Closed","Mojo Dialer is a comprehensive prospecting and sales platform designed to elevate your business and take your follow-up to the next level. Here's what makes it powerful: ## Core Features **Advanced Dialing Technology** - State-of-the-art technology over analog telecom layer (not VoIP) for superior audio quality and better first hello answers - Power Dialer and Click-to-Call options for flexible calling approaches - Multi-line dialing capability (up to triple line dialer) - Complimentary caller ID whitelisting to avoid spam tagging **Comprehensive CRM Integration** - Industry-leading dialing interface with fully customizable experience - Organize data into lists, groups, and action plans - Automate prospecting lists and sales pipeline management - Group leads by outcomes, schedule appointments, create tasks **Built-in Tools & Features** - Call recording for quality assurance (optional add-on, 90-day retention) - Six high-quality data and lead sources in the U.S. - Prospecting Dashboard for setting goals and tracking progress - Mobile apps for on-the-go prospecting, caller ID, and door knocking - Assign action plans for drip email and follow-up campaigns ## Dialing Modes **Power Dialer Mode**: High-volume calling with multiple simultaneous lines, automated progression through your contact list, and configurable settings for maximum efficiency. **Click-to-Call Mode**: Manual, one-by-one dialing for more deliberate conversations when you need greater control over each interaction. The platform is designed for sales professionals who need a robust, reliable system for prospecting and lead management, combining powerful technology with user-friendly features to maximize your calling productivity.",5,2,
"13292","multiple users","Can multiple users on the same account dial at the same time?","2026-02-03T14:17:25.000Z","Closed","Yes, multiple users on the same Mojo account can dial at the same time, but you'll need the proper setup: **What You Need:** - Each user needs their own Agent Access License - Each user who wants to dial simultaneously needs their own separate Dialer License **How It Works:** - Agent Access Licenses give users access to the Mojo system - Dialer Licenses allow users to actually use the Power Dialer - Data products (like lead lists) are shared across all users on the same account **Example:** If you have 3 agents and want all of them to be able to dial at the same time, you would need: - 3 Agent Access Licenses (one per user) - 3 Dialer Licenses (one per simultaneous dialer user) **Shared Features:** - All users can access the same lead lists and data - Calling profiles can be shared between users - Activity streams show everyone's activities for better team coordination The pricing is flexible with no contracts and simple monthly billing, so you can adjust your licenses based on your team's needs.",5,2,
"13295","Missing a Call Recording for Gregory Seebaldt - checking with Andrew",,"2026-02-03T16:06:40.000Z","Closed","I can help you understand how call recordings work in Mojo and what might cause recordings to be missing. Call recordings in Mojo are automatically saved for calls that end with these specific results: - Contact - DNC Contact - DNC Number Here are the most common reasons why a call recording might be missing: **Possible Causes:** 1. **Call Result** - The call may have ended with a different result that doesn't trigger recording (like No Answer, Busy, etc.) 2. **Recording Feature Assignment** - The Call Recording feature may not have been assigned to the agent who made the call 3. **Audio Connection Issues** - Technical problems during the call could prevent proper recording **How to Check:** 1. **Verify the call result** in Gregory Seebaldt's contact record under the History section 2. **Confirm the agent had Call Recording enabled** during that dialing session 3. **Check the Call Recording Report** (Reports â†’ Call Recording) for that specific date and agent **Where to Look for Recordings:** - Call Recording Report (Reports menu) - Individual contact record (Gregory Seebaldt's History section) **Important Notes:** - Recordings are automatically deleted after 90 days - The Call Recording feature needs to be specifically assigned to each agent - Feature changes take effect on the next dial session the agent begins If the call should have been recorded based on the result and the agent had the feature enabled, there may have been a technical issue during that specific call.",5,2,
"13293","Additional Dialer","Hello, We need to add 2 more dialers in Mojo, so we want to maximize the 3 dialers.","2026-02-03T14:34:18.000Z","Closed","To add additional dialers to your Mojo account, you'll need to contact Mojo support directly to upgrade your subscription. Mojo offers the ability to have up to 3 total dialers on an account. Here's how to get additional dialers added: **Contact Mojo Support:** - Reach out to the support team through your account portal - Request to add the additional dialers you need (up to 3 total) - They'll handle the subscription upgrade and billing adjustments **What to Expect:** - Each dialer operates independently - You can have different users on each dialer line - Billing will be adjusted to reflect the additional dialer subscriptions **Important Notes:** - The maximum is 3 dialers per account - Each additional dialer is a separate subscription fee - Setup is handled by the support team once you request the upgrade If you need help with the request process or have questions about pricing for additional dialers, the support team can provide those details when you contact them.",5,2,
"13291","Referred somebody outside of Refer-A-Friend, wants credit: she signed up for a SLD","<div class=""x_726216693column-title"" style=""box-sizing: border-box; line-height: 30px; padding-top: 16px; border-bottom: 1px solid rgb(239, 239, 239); margin-bottom: 18px; font-size: 15px; color: rgb(44, 44,","2026-02-03T14:16:54.000Z","Closed","I understand you referred someone who signed up for a Single License Deal (SLD) outside of the formal Refer-A-Friend program and you're looking to receive referral credit for this. While I can see this type of situation has come up before, I don't have the specific details about Mojo's referral credit policy for situations outside the standard Refer-A-Friend program in my available resources. For the best resolution, I'd recommend contacting Mojo support directly. They'll be able to review your specific situation, verify the referral details, and determine what referral credit may be available to you. You can reach them through your Mojo account or their support channels. They'll likely need information about when the person signed up, their contact details, and confirmation that you were the referring party to process any potential credit.",5,2,
"13281","Refund","Hi there, I added prematurely a 2nd dialer & call recording feature that didn't need to be added. Is there a possibility of getting a refund for since I do not need an extra dialer & call recording feature? Than","2026-02-02T22:14:48.000Z","Open","Mojo has different refund policies depending on the type of service: **For Dialer Subscriptions:** - When you remove services, changes take effect immediately with no prorated refund - Best practice is to wait until the day before your next bill date to remove services to maximize your paid time - Adding services are prorated based on your current billing cycle **For Data & Caller ID Services:** - Mojo does not provide refunds for early cancellations of data services - These services can be unsubscribed from, but without refund **To manage or cancel services:** 1. Click the Account icon in the bottom left corner of Mojo 2. Select ""Subscriptions"" from the left navigation panel 3. For Dialer services: Use the minus (-) icon to remove services 4. For Data/Caller ID services: Click the ""Unsubscribe"" button If you believe you have a special circumstance or billing error, you may want to contact Mojo support directly to discuss your specific situation, but the general policy is no refunds for removed or cancelled services.",2,2,
"13247","Feature Request - Map Management Reselect","Hi Mojo Team, Iâ€™d like to submit a feature request. When Iâ€™ve already mapped an area, Iâ€™d love the ability to reselect that exact same mapped area later, but apply different filters to it, without having to redraw the map. This would work similar to how â€œManage Mappingâ€ functions in N","2026-02-01T18:28:38.000Z","Closed","I understand you'd like the ability to reselect previously mapped areas and apply different filters without having to redraw the map boundaries. This would function similarly to the ""Manage Mapping"" feature in Neighborhood Search, where you could return to the same farm area but adjust criteria like price range, beds/baths, equity, or absentee ownership for more targeted prospecting. This is indeed a valuable feature request that would save time and improve efficiency for users who work the same geographic areas with different targeting strategies. While I don't see this feature currently available in the system, your request has been noted. Feature requests like this help Mojo prioritize development based on user needs. In the meantime, you would need to redraw your map areas when you want to apply different filters to the same geographic region. Is there a particular workflow or frequency where this feature would be most beneficial for your prospecting activities?",5,2,
"13289","Fwd: 491731",,"2026-02-03T13:43:05.000Z","Closed","I see you've referenced ticket 491731, but I don't have the specific details or content of that ticket in my current information. Could you please provide more details about what specific issue or question you need help with? This will allow me to give you the most accurate and helpful assistance with your Mojo Dialer concern.",0,2,
"13288","Contact Form Support",,"2026-02-03T08:37:22.000Z","Closed",,0,0,"fetch failed"
"13287","Contact Form Support",,"2026-02-03T01:23:58.000Z","Closed",,0,0,"fetch failed"
"13286","8016035885","Hi, I'm calling this number and they text me back to stop but when I look it up in Mojo I can't find it. Can you help me find it, remove it, and understand why it's not coming up in the search? 8016035885 <div","2026-02-03T00:34:11.000Z","Closed",,0,0,"fetch failed"
"13285","Re: Mojo Whitelisting Submission Rejected",,"2026-02-02T23:53:14.000Z","Closed",,0,0,"fetch failed"
"13284","(No Subject)",,"2026-02-02T23:31:53.000Z","Closed",,0,0,"fetch failed"
"13282","URGENT: Dialer Not Connecting Calls â€“ Account 613954","Hello Mojo Support Team, I am writing to request urgent assistance regarding Account ID 613954 . The account has already successfully subscr","2026-02-02T22:37:41.000Z","Closed",,0,0,"fetch failed"
"13277","Caller ID Routing Set Up","We are starting to dial with a caller ID and also Mojo Voice. The problem is that on my understanding the callbacks would route back to this same number since we are using Mojo Voice, but this is not happening. How can we fix this?","2026-02-02T21:00:41.000Z","Closed",,0,0,"fetch failed"
"13279","Contact Form Support",,"2026-02-02T21:42:32.000Z","Closed",,0,0,"fetch failed"
"13275","Account Billing",,"2026-02-02T20:16:18.000Z","Closed",,0,0,"fetch failed"
"13278","Neighborhood mapping","Hello When selecting a plot 4329 contacts searched and ONLY 33 matching filter ... it doesn't sounds right","2026-02-02T21:09:07.000Z","Closed",,0,0,"fetch failed"
"13274","login issue","Hi, Iâ€™m unable to access my Mojo account on app1061.mojosells.com without using a VPN. The page times out (ERR_CONNECTION_TIMED_OUT), but it works fine when connected via VPN. It seems my ISP is blocking or not routing this subdomain properly.</","2026-02-02T19:59:03.000Z","Closed",,0,0,"fetch failed"
"13273","MOJO Call Recording",,"2026-02-02T19:56:30.000Z","Closed",,0,0,"fetch failed"
"13272","557714",,"2026-02-02T19:39:54.000Z","Closed",,0,0,"fetch failed"
"13252","Do not charge February",,"2026-02-02T05:17:33.000Z","Closed",,0,0,"fetch failed"
"13271","Mojo FSBO Service","Hi Kyle, It was good speaking with you earlier regarding your FSBO leads. As we discussed, th","2026-02-02T19:09:59.000Z","Closed",,0,0,"fetch failed"
"13270","Incoming Calls","Hello, I am curious if there is a way to see if an incoming call to my phone is coming from a MOJO lead. When I call leads I have my personal number as the routing number when someone returns a missed call. However, when I get a call like this I am unsure who is cal","2026-02-02T18:55:06.000Z","Closed",,0,0,"fetch failed"
"13269","tcpa 3 line dialer","just got the three line dialer it's tcpa approved right? like can I use it without getting into trouble? is it considered automatic dialer?","2026-02-02T18:32:25.000Z","Closed",,0,0,"fetch failed"
"13268","Fwd: Refund Request â€“ Mojo Subscription Purchased Online",,"2026-02-02T17:13:17.000Z","Closed",,0,0,"fetch failed"
"13267","White List issue","Hi, I'm getting this error "" Your Whitelisting submission was rejected. This is often a result of an incorrect formatting of the Caller ID Registration Name."" <br","2026-02-02T17:01:17.000Z","Closed",,0,0,"fetch failed"
"13266","Mojo Dropped me 2 times this morning in dialing session","Mojo dropped me 2 times this morning in the dialing session - moving now to other dialing solution, please address the problem - was dialing from a land line as well","2026-02-02T16:53:34.000Z","Closed",,0,0,"fetch failed"
"13264","New Form Submission","Hi, Why was I being charged for 2 Agents? I'm the only user on","2026-02-02T15:36:07.000Z","Closed",,0,0,"fetch failed"
"13263","Data reactivation","When trying to reactivate Expired Data for NEVADA Greater Las Vegas Association that lapsed on 01/28/2026 User encountered an the following issue ""an error has occurred please try again if the issue persists to call in to Mojo""","2026-02-02T15:20:31.000Z","Closed",,0,0,"fetch failed"
"13233","Contact Form Support",,"2026-01-30T22:50:05.000Z","Closed",,0,0,"fetch failed"
"13261","Account 283299",,"2026-02-02T14:30:43.000Z","Closed",,0,0,"fetch failed"
"13262","cancellation Customer Account Number: 795842",,"2026-02-02T14:48:05.000Z","Closed",,0,0,"fetch failed"
"13245","Questions about system",,"2026-02-01T16:27:49.000Z","Closed",,0,0,"fetch failed"
"13237","MLS Request","https://armls.flexmls.com/ Kr367 Vikings..887!","2026-01-31T05:06:09.000Z","Closed",,0,0,"fetch failed"
"13250","Re: Mojo Dialing Solutions",,"2026-02-02T01:07:27.000Z","Closed",,0,0,"fetch failed"
"13253","trouble with mojo voice","I purchased Mojo Voice and im not sure how to set it up. Do you need to have a single or triple line dialer to use it ? i thought it just worked as a direct phone system. Am i misunderstanding ?","2026-02-02T12:54:28.000Z","Open",,0,0,"fetch failed"
"13260","Fwd: Mojo Caller ID",,"2026-02-02T13:46:45.000Z","Closed",,0,0,"fetch failed"
"13259","Fwd: My account",,"2026-02-02T13:46:31.000Z","Closed",,0,0,"fetch failed"
"13257","Fwd: Fw:please refund, i down graded on the 31st Mojo Dialing Solutions",,"2026-02-02T13:39:03.000Z","Closed",,0,0,"fetch failed"
"13256","settings","Hi I have imported .csv file = NEW LEADS but can not set up or see it - in the map fields to select fields?? Please help with the set up, thank you, Gina","2026-02-02T13:04:36.000Z","Closed",,0,0,"fetch failed"
"13255","NEIGHBORHOOD SEARCH BY ZIP CODE 33067",,"2026-02-02T13:02:06.000Z","Closed",,0,0,"fetch failed"
"13254","Fwd: Pending events from Mojo calendar",,"2026-02-02T13:00:14.000Z","Closed",,0,0,"fetch failed"
"13249","referral","Do you guys offer referral bonuses? I sent John McCormack from Florida your way.","2026-02-01T20:26:38.000Z","Closed",,0,0,"fetch failed"
"13248","Contact Form Support",,"2026-02-01T19:22:32.000Z","Closed",,0,0,"fetch failed"
"13246","Contact Form Support",,"2026-02-01T16:39:05.000Z","Closed",,0,0,"fetch failed"
"13203","Contact Form Support",,"2026-01-29T23:22:08.000Z","Closed",,0,0,"fetch failed"
"13243","Contact Form Support",,"2026-01-31T22:56:23.000Z","Closed",,0,0,"fetch failed"
"13242","Caller ID","Can I drop down to one dialer, but add 2 caller ID Subscriptions?","2026-01-31T22:13:29.000Z","Closed",,0,0,"fetch failed"
"13241","Mojo account",,"2026-01-31T14:51:28.000Z","Closed",,0,0,"fetch failed"
"13240","Integration Partnership Request â€” Real Estate OS + Mojo Dialer",,"2026-01-31T11:39:48.000Z","Closed",,0,0,"fetch failed"
"13238","Collaboration Proposal: Free Video Review + Mutual Promotion",,"2026-01-31T05:23:18.000Z","Closed",,0,0,"fetch failed"
"13239","Collaboration Proposal: Free Video Review + Mutual Promotion",,"2026-01-31T05:23:28.000Z","Closed",,0,0,"fetch failed"
"13236","Contact Form Support",,"2026-01-31T00:07:14.000Z","Closed",,0,0,"fetch failed"
"13236","Contact Form Support",,"2026-01-31T00:07:14.000Z","Closed",,0,0,"fetch failed"
"13235","Potomac Custom Remodeling: API Instructions to post leads to Mojo","Hi there, My name is Cole Bridge and I'm reaching out for Potomac Custom Remodeling. We are a lead validation + routing platform and the PCR team wants us to post leads into Mojo Dialer, but I don't see any open API. Is it possible to post leads into Mojo Dialer via API fro","2026-01-30T23:50:43.000Z","Closed",,0,0,"fetch failed"
"13234","Contact Form Support",,"2026-01-30T23:39:37.000Z","Closed",,0,0,"fetch failed"
"13232","Contact Form Support",,"2026-01-30T22:46:01.000Z","Closed",,0,0,"fetch failed"
"13231","Contact Form Support",,"2026-01-30T22:36:52.000Z","Closed",,0,0,"fetch failed"
"13229","Number spam likely","Hello. I need help rewhitelisting my numbers. My contact rate hasn't been the best, so I called my friends. On AT&T it's showing up as spam likely and on T-Mobile it's not showing any caller ID. My numbers are whitelisted by Mojo please see the image down b","2026-01-30T22:29:00.000Z","Closed",,0,0,"fetch failed"
"13219","DNC in CSV","Hello! We have a CSV to import and some of the numbers are listed as DNC. (Has DNC next to the number in the spreadsheet from Remine). The contacts in Mojo do not identify them as DNC after import - how do we fix this?","2026-01-30T17:39:02.000Z","Closed",,0,0,"fetch failed"
"13217","Caller ID is Registering as Mojo Selling Solutions",,"2026-01-30T16:50:37.000Z","Open",,0,0,"fetch failed"
"13223","Account",,"2026-01-30T19:00:41.000Z","Closed",,0,0,"fetch failed"
"13224","need help uploading lists","Hello I used to have my own mojo account and exported a few of the lists that I had. Now I am on a team and would like to upload these lists into my new account / profile for me to have (not other team members). I need assistance doing these to ensure my previous notes from my calls also upload","2026-01-30T19:02:42.000Z","Closed",,0,0,"fetch failed"
"13228","Property Status not updated.","17037 El Mirador Rancho Santa Fe, CA 92067 is active in mojo. They say the mls has it listed in June and expired in August 2025. They also see that an email was sent back in 2/25 and the name sh","2026-01-30T21:08:29.000Z","Closed",,0,0,"fetch failed"
"13227","No FRBOs - Loudoun County VA",,"2026-01-30T20:22:16.000Z","Closed",,0,0,"fetch failed"
"13199","Old Expireds","Hello! I wanted to check with you guys and see if there was anyway to purchase old expired leads dating back a a year or two. Is this a possibility? Let me know, and please feel free to reach out to me at 860-304-7600. Thanks again! <","2026-01-29T22:02:17.000Z","Closed",,0,0,"fetch failed"
"13213","Question","Hello, I am trying to figure out whether ""daily dials"" means how many phone numbers are dialed OR how many contacts. I am trying to limit my phone calls so my phone numbers are not being marked as spam. Does ""Daily Dials"" showed how many","2026-01-30T15:46:16.000Z","Closed",,0,0,"fetch failed"
"13225","Fwd: Mojo Dailer Issue",,"2026-01-30T19:18:30.000Z","Closed",,0,0,"fetch failed"
"13222","Re: Tags","I need to remove tags, here is the setup and scenario 1. fub & Mojo connected thru api 2. Calling Smart List 3. Leads in fub have a specific tag that assigns them to that list. 4. once I speak to the lead I want to be able to remove the tag. Questi","2026-01-30T18:51:22.000Z","Closed",,0,0,"fetch failed"
"13221","Cancel and Refund","I would like to cancel my subscription and be refunded what I have paid. I am unable to use Mojo Dialer because the service that you are providing is not what I signed up for. I have been unable to use it since signing up. Please cancel my subscription and refund $99. Thank you","2026-01-30T18:29:09.000Z","Closed",,0,0,"fetch failed"
"13214","Cancel Membership",,"2026-01-30T16:09:31.000Z","Closed",,0,0,"fetch failed"
"13220","Expired data","I'd like to add the West Palm Beach area o my existing expired lists. Is that possible or does a new list have to be created in order for me to see previously listed West Palms Beach homes as well? Thank you","2026-01-30T18:02:52.000Z","Closed",,0,0,"fetch failed"
"13208","Clean data","Hi, I have about 9K contacts in my Mojo data that is duplicated by property address. I want to do the following: 1) copy all phone numbers that are in the older ""Status Change Date"" to the most recent one ( avoiding duplicating phone numbers) If the contact n","2026-01-30T13:30:03.000Z","Closed",,0,0,"fetch failed"
"13215","Mojo --> Integration",,"2026-01-30T16:11:58.000Z","Closed",,0,0,"fetch failed"
"13212","whitelist",,"2026-01-30T14:56:24.000Z","Closed",,0,0,"fetch failed"
"13211","Credit","Hi, I thought my bill date was the end of the month. I was hoping you can extend a one time curtesy and credit me the one user i just removed. Thank you in advance. Dani","2026-01-30T14:39:51.000Z","Closed",,0,0,"fetch failed"
"13210","Subpoena Docket No. 26-S-028",,"2026-01-30T14:26:17.000Z","Open",,0,0,"fetch failed"
"13209","Cancel","Hello, I tried to cancel the account and delete my payment method but it won't let me delete it. Just wanted to make sure my account has been fully cancelled and that I won't be charged anymore. Thank you,","2026-01-30T13:40:28.000Z","Closed",,0,0,"fetch failed"
"13207","(No Subject)",,"2026-01-30T12:55:27.000Z","Closed",,0,0,"fetch failed"
"13205","Analysis of Future Market 2026 çº¢èŒ¶èŒå¸‚åœºå†³ç­–",,"2026-01-30T06:02:31.000Z","Closed",,0,0,"fetch failed"
"13204","How do I make the layout smaller so that I can see more of the property details? Is there a way to change the format for my small laptop computer?",,"2026-01-29T23:58:24.000Z","Closed",,0,0,"fetch failed"
"13202","Contact Form Support",,"2026-01-29T22:45:19.000Z","Closed",,0,0,"fetch failed"
"13201","Mojo ID not syncing to my contacts",,"2026-01-29T22:44:47.000Z","Closed",,0,0,"fetch failed"
"13198","Issue wt your calendar","I'm not sure if anyone else has reported the issue. When I have my calendar contacts up to call for the day, every single time I click the next arrow in the top right hand side to go to the next lead, it skips at least one lead. So that by the time I get to the end, close the last lead and go b","2026-01-29T20:49:05.000Z","Closed",,0,0,"fetch failed"